1.03E-04,1.20E-04,1.24E-04,1.16E-04,1.08E-04,9.58E-05,8.92E-05,8.55E-05,8.54E-05,9.13E-05,1.15E-04,1.52E-04,1.75E-04,1.80E-04,1.75E-04,1.83E-04,2.11E-04,2.31E-04,2.46E-04,2.71E-04,3.03E-04,3.43E-04,3.60E-04,3.60E-04,3.69E-04,3.65E-04,3.88E-04,4.66E-04,5.46E-04,5.92E-04,5.87E-04,5.64E-04,5.69E-04,5.93E-04,6.48E-04,6.87E-04,7.49E-04,7.93E-04,8.23E-04,8.51E-04,9.34E-04,9.99E-04,0.001068655,0.001150252,0.00120799,0.001244418,0.001290739,0.001328883,0.001359087,0.001378243,0.001427315,0.0014711,0.001542415,0.001621653,0.001688931,0.001757135,0.00182932,0.001891858,0.001932367,0.001989545,0.002048255,0.002096734,0.002140153,0.002196181,0.002277266,0.002344031,0.002406979,0.002414504,0.00244812,0.002549024,0.002622865,0.00270875,0.00282091,0.002888694,0.002960285,0.00302589,0.003097651,0.003161025,0.003221007,0.003278936,0.003344052,0.00337739,0.00341306,0.003451811,0.003492512,0.003542381,0.003614887,0.003675636,0.003733971,0.00379605,0.003855999,0.003914521,0.003972486,0.004030055,0.00407589,0.004118063,0.004152034,0.004184438,0.004212226,0.004232791,0.004265715,0.004254569,0.00422789,0.004191239,0.004143365,0.004088953,0.004034615,0.003977689,0.003916257,0.003854795,0.003786288,0.003743256,0.003704075,0.003684977,0.003675896,0.003694916,0.003716135,0.003686904,0.003713168,0.003783604,0.003815291
8.82E-05,9.77E-05,1.06E-04,1.05E-04,9.62E-05,7.96E-05,7.27E-05,6.98E-05,8.71E-05,1.18E-04,1.52E-04,1.72E-04,1.75E-04,1.73E-04,1.75E-04,1.87E-04,2.18E-04,2.45E-04,2.69E-04,2.89E-04,2.96E-04,3.09E-04,3.26E-04,3.32E-04,3.51E-04,3.67E-04,4.04E-04,4.65E-04,5.16E-04,5.61E-04,5.78E-04,5.85E-04,5.91E-04,6.20E-04,6.80E-04,7.33E-04,8.01E-04,8.37E-04,8.59E-04,8.87E-04,9.38E-04,9.89E-04,0.001041892,0.001094298,0.001132615,0.001176096,0.001254835,0.001320777,0.00136937,0.0013918,0.001438374,0.001482225,0.001549877,0.001631364,0.001700484,0.001750864,0.001794844,0.001828127,0.001878656,0.001956428,0.002007845,0.002058571,0.00210757,0.002168186,0.002252987,0.002326034,0.002405216,0.00243206,0.002476223,0.00257712,0.002623838,0.002702117,0.002804492,0.002865676,0.002944044,0.003006725,0.00308535,0.00315038,0.003206687,0.003256848,0.003311426,0.003347017,0.003382758,0.003420324,0.00345864,0.003508414,0.003582026,0.003641398,0.003698463,0.003761173,0.003824284,0.003887237,0.003949685,0.004013421,0.004065198,0.004112212,0.004149217,0.004182347,0.004208482,0.004224083,0.004246095,0.004226774,0.00419388,0.004151273,0.004098402,0.004044263,0.003992687,0.003937466,0.003876684,0.003814028,0.003744522,0.003706042,0.003667481,0.003651026,0.003641067,0.003661141,0.00368899,0.003675529,0.003706904,0.003766539,0.003801999
7.87E-05,7.16E-05,6.06E-05,5.18E-05,5.23E-05,5.76E-05,7.15E-05,8.51E-05,1.04E-04,1.12E-04,1.37E-04,1.59E-04,1.74E-04,1.82E-04,1.87E-04,2.00E-04,2.20E-04,2.30E-04,2.41E-04,2.61E-04,2.95E-04,3.21E-04,3.40E-04,3.45E-04,3.44E-04,3.54E-04,3.96E-04,4.82E-04,5.52E-04,5.96E-04,5.97E-04,5.81E-04,5.86E-04,6.14E-04,6.66E-04,7.09E-04,7.72E-04,8.23E-04,8.62E-04,9.21E-04,9.70E-04,0.001017344,0.00106231,0.001114814,0.001145449,0.001160215,0.001192442,0.001236951,0.001312101,0.001390481,0.001462646,0.001502688,0.001534489,0.001577392,0.0016277,0.001684047,0.001733616,0.001788941,0.001844104,0.001906233,0.00198078,0.002044874,0.002091528,0.002141626,0.002222941,0.00230862,0.002397977,0.002445851,0.00250282,0.002610372,0.002655332,0.002701835,0.002780701,0.002817768,0.002872742,0.002945999,0.003025657,0.00308887,0.00315192,0.003221678,0.003304384,0.003364278,0.003424513,0.00348535,0.003543645,0.003606818,0.003670228,0.003728307,0.003778355,0.003827874,0.003872995,0.003916862,0.003960038,0.004011216,0.004042745,0.004071799,0.004094024,0.004115161,0.004133507,0.00414658,0.004157448,0.004149704,0.004129975,0.004101222,0.004065072,0.004026226,0.003988574,0.003948286,0.003900356,0.003849154,0.003787519,0.003746889,0.003708754,0.00368675,0.003670432,0.003676431,0.003682355,0.003653774,0.003672468,0.003713638,0.003735941
1.15E-04,1.16E-04,1.14E-04,1.06E-04,1.04E-04,9.36E-05,8.31E-05,6.56E-05,6.96E-05,9.61E-05,1.57E-04,1.99E-04,2.15E-04,2.12E-04,1.97E-04,1.76E-04,1.70E-04,1.82E-04,2.18E-04,2.64E-04,3.06E-04,3.33E-04,3.34E-04,3.36E-04,3.58E-04,4.00E-04,4.45E-04,4.95E-04,5.40E-04,5.71E-04,5.81E-04,5.84E-04,5.86E-04,5.96E-04,6.24E-04,6.55E-04,7.32E-04,7.91E-04,8.47E-04,8.92E-04,9.61E-04,0.001030405,0.001072604,0.001104284,0.001129559,0.001168162,0.00123488,0.001272107,0.001302327,0.001339342,0.001429427,0.001516129,0.001615402,0.001689004,0.001710571,0.001699091,0.001694694,0.00171114,0.001764131,0.001846322,0.001964139,0.002077259,0.002152246,0.002210195,0.002284188,0.002353005,0.002419285,0.002440712,0.002483847,0.002569269,0.00262293,0.002698676,0.002784894,0.002851276,0.002924301,0.00297933,0.003059952,0.003115913,0.003167223,0.00322021,0.003284385,0.003324871,0.003370009,0.003421352,0.003477468,0.00354386,0.003628319,0.003701254,0.00376843,0.003835467,0.00389677,0.003952664,0.004005309,0.004056636,0.004090482,0.004126485,0.004153108,0.00417719,0.004195725,0.004207242,0.004224142,0.004208952,0.004179259,0.00414099,0.004090769,0.004038767,0.00398906,0.003937227,0.003880748,0.00382506,0.003761103,0.003722485,0.003686135,0.003670349,0.003663233,0.003680219,0.003701434,0.003688081,0.003709139,0.00377065,0.003798991
6.39E-05,6.52E-05,6.93E-05,7.30E-05,8.32E-05,8.94E-05,9.53E-05,8.96E-05,8.00E-05,7.46E-05,1.03E-04,1.36E-04,1.60E-04,1.75E-04,1.80E-04,1.88E-04,2.07E-04,2.23E-04,2.41E-04,2.64E-04,2.83E-04,3.11E-04,3.36E-04,3.55E-04,3.81E-04,4.05E-04,4.36E-04,4.94E-04,5.60E-04,6.05E-04,6.19E-04,6.08E-04,5.97E-04,6.05E-04,6.41E-04,6.64E-04,7.22E-04,7.90E-04,8.52E-04,8.99E-04,9.47E-04,9.80E-04,0.001015693,0.001075921,0.001116437,0.001153355,0.001201432,0.001262013,0.001332434,0.001403,0.001480402,0.001514784,0.001544284,0.001571115,0.001606635,0.001662756,0.001723601,0.001793398,0.001846883,0.001912945,0.001982255,0.002054022,0.002108867,0.002167086,0.002244231,0.002332456,0.002428629,0.002466382,0.002493733,0.002549968,0.002580841,0.002630386,0.002721952,0.00278827,0.002869331,0.002944441,0.003027602,0.003099478,0.003169668,0.003240932,0.003322047,0.003380239,0.003433743,0.00348446,0.003531199,0.003581814,0.003657594,0.003712925,0.003763235,0.003816212,0.003867139,0.003918422,0.003970673,0.004025185,0.004065609,0.004104224,0.004133694,0.004158478,0.004176394,0.004186424,0.004203589,0.004187949,0.004160768,0.004121722,0.004072985,0.004028099,0.003983645,0.003937215,0.00388833,0.003839252,0.003785238,0.003753501,0.003722671,0.003709445,0.003702324,0.003718324,0.003730338,0.003692641,0.003715656,0.003761012,0.003786623
1.64E-05,3.41E-05,6.21E-05,8.58E-05,1.03E-04,1.06E-04,1.09E-04,9.28E-05,6.56E-05,5.87E-05,1.14E-04,1.83E-04,2.26E-04,2.32E-04,2.14E-04,1.96E-04,2.07E-04,2.27E-04,2.63E-04,3.14E-04,3.63E-04,3.98E-04,3.91E-04,3.70E-04,3.86E-04,4.03E-04,4.37E-04,5.14E-04,6.06E-04,6.67E-04,6.74E-04,6.56E-04,6.59E-04,6.83E-04,7.47E-04,7.90E-04,8.58E-04,9.00E-04,9.24E-04,9.48E-04,1.00E-03,0.001040126,0.001081493,0.001137653,0.001203879,0.001283546,0.001373447,0.00144164,0.001499292,0.001525725,0.001571617,0.001614482,0.001676958,0.001745695,0.001799784,0.0018563,0.001930926,0.002008744,0.002083951,0.002157913,0.002209544,0.00224809,0.002275797,0.002305776,0.002361832,0.002414393,0.00251697,0.002565757,0.002625925,0.002721339,0.00279094,0.002889375,0.00302163,0.003111911,0.003218823,0.00332045,0.003399273,0.003471627,0.003539099,0.003601506,0.003673081,0.003718337,0.003765131,0.003811684,0.003855488,0.003907139,0.003983723,0.004044103,0.004100865,0.004162553,0.004221691,0.004276573,0.004328629,0.004382634,0.004423379,0.004462253,0.004494038,0.004526405,0.004556002,0.004580225,0.004624751,0.004622705,0.004607569,0.004584276,0.004549946,0.004510049,0.00446519,0.004418682,0.004365285,0.004308349,0.004244402,0.004197526,0.004156185,0.00412811,0.004109179,0.004120034,0.004142072,0.004131147,0.004152006,0.004205044,0.004229873
1.33E-04,1.37E-04,1.31E-04,1.17E-04,1.08E-04,9.36E-05,8.17E-05,6.55E-05,6.26E-05,1.06E-04,1.80E-04,2.35E-04,2.64E-04,2.69E-04,2.50E-04,2.40E-04,2.50E-04,2.63E-04,2.82E-04,3.04E-04,3.29E-04,3.33E-04,3.21E-04,3.32E-04,3.95E-04,4.50E-04,4.89E-04,5.40E-04,5.86E-04,6.15E-04,6.23E-04,6.35E-04,6.65E-04,6.95E-04,7.33E-04,7.59E-04,8.27E-04,8.66E-04,9.06E-04,9.68E-04,0.001041288,0.001124738,0.001168695,0.001193187,0.001200657,0.001225386,0.001305511,0.0013871,0.001474949,0.001552182,0.001621616,0.001654971,0.001707707,0.001781925,0.00185293,0.00189189,0.00190869,0.001947315,0.002017021,0.002125439,0.002225041,0.00229264,0.0023231,0.00235833,0.002420886,0.002501975,0.002615499,0.002658912,0.0027069,0.002791869,0.002850375,0.002916685,0.003014028,0.003067216,0.003143536,0.003225779,0.003319045,0.003404126,0.00348816,0.003574283,0.003667422,0.003729771,0.003784334,0.003835465,0.00388494,0.003944458,0.004010337,0.004075015,0.004134841,0.004196593,0.004252312,0.00430397,0.0043541,0.004406756,0.004445422,0.004479669,0.004507504,0.004536,0.004563544,0.004587258,0.004622716,0.004625584,0.004616574,0.004595581,0.004568904,0.004534613,0.00449818,0.004460597,0.004414417,0.004365048,0.004308078,0.004264872,0.004227367,0.004207565,0.004196206,0.004207745,0.004220788,0.004208108,0.004227287,0.00426834,0.004289689
8.86E-05,8.02E-05,6.32E-05,4.44E-05,3.72E-05,4.24E-05,6.49E-05,9.67E-05,1.34E-04,1.70E-04,1.95E-04,1.93E-04,1.76E-04,1.67E-04,1.68E-04,1.78E-04,2.10E-04,2.35E-04,2.60E-04,2.87E-04,3.08E-04,3.44E-04,3.64E-04,3.77E-04,4.22E-04,4.78E-04,5.26E-04,5.51E-04,5.82E-04,5.95E-04,5.96E-04,6.01E-04,6.25E-04,6.67E-04,7.17E-04,7.41E-04,8.06E-04,8.61E-04,9.24E-04,9.96E-04,0.001067264,0.00114287,0.001185558,0.001208235,0.001212371,0.001236649,0.001298114,0.001345072,0.001384046,0.001428887,0.00150343,0.001578634,0.001678618,0.001794044,0.001882572,0.001941148,0.001980401,0.001986854,0.002014238,0.002059382,0.002108029,0.002193533,0.002270801,0.002341192,0.002423953,0.002509216,0.002613721,0.002657873,0.002713745,0.002823711,0.002871572,0.002954279,0.003061405,0.00313637,0.003215762,0.003285142,0.003378469,0.003450363,0.003515637,0.003580453,0.003651399,0.003702857,0.00375362,0.003803133,0.003852179,0.003913234,0.003995867,0.004067883,0.004137097,0.004210689,0.004281666,0.004350652,0.004418479,0.00448296,0.004530947,0.004571812,0.004599124,0.004619822,0.004631794,0.004635754,0.004649268,0.004625534,0.004593006,0.004552472,0.004502704,0.004458194,0.00441763,0.004373693,0.004325293,0.004277044,0.004222023,0.004195922,0.004166753,0.004160733,0.004159562,0.004183857,0.004206807,0.004200929,0.00422903,0.004273932,0.00430915
9.82E-05,9.18E-05,7.46E-05,4.97E-05,3.03E-05,1.84E-05,2.54E-05,4.10E-05,7.54E-05,1.18E-04,1.69E-04,2.13E-04,2.30E-04,2.19E-04,2.01E-04,1.76E-04,1.74E-04,1.81E-04,2.11E-04,2.60E-04,3.23E-04,3.74E-04,3.92E-04,3.87E-04,3.88E-04,4.04E-04,4.46E-04,5.12E-04,5.89E-04,6.64E-04,6.95E-04,6.98E-04,7.08E-04,7.26E-04,7.66E-04,7.78E-04,8.28E-04,8.63E-04,9.05E-04,9.45E-04,0.001044519,0.001100662,0.001148988,0.001214361,0.001277389,0.001332968,0.001385827,0.001413256,0.001431563,0.00145984,0.001539618,0.001590109,0.001667863,0.001766834,0.00186684,0.001955636,0.002010537,0.002031074,0.002045467,0.002087432,0.002146612,0.002233454,0.002300261,0.002361136,0.002436436,0.002523594,0.002630674,0.002676946,0.00271453,0.002774782,0.002801233,0.002863773,0.002976213,0.003063895,0.00317282,0.003251719,0.003338994,0.003420363,0.003493262,0.003561099,0.003636298,0.003685933,0.003728593,0.003769188,0.003808158,0.003860166,0.003926034,0.003994198,0.004063167,0.004140951,0.004218516,0.004293291,0.004364132,0.004433288,0.004488376,0.004531962,0.004564348,0.004593647,0.004617618,0.004633067,0.004666484,0.00465112,0.004625323,0.004592192,0.004547386,0.004501764,0.004459386,0.004414159,0.004360714,0.004304105,0.004236438,0.004195317,0.004157108,0.004138583,0.004126613,0.004146163,0.004172867,0.004171916,0.004197763,0.004259208,0.004291507
6.06E-05,7.12E-05,7.93E-05,8.42E-05,9.36E-05,1.05E-04,1.23E-04,1.33E-04,1.31E-04,1.29E-04,1.47E-04,1.68E-04,1.85E-04,1.94E-04,1.94E-04,1.92E-04,2.00E-04,2.10E-04,2.31E-04,2.68E-04,3.18E-04,3.79E-04,4.17E-04,4.28E-04,4.32E-04,4.35E-04,4.53E-04,5.05E-04,5.54E-04,6.05E-04,6.28E-04,6.38E-04,6.64E-04,7.05E-04,7.69E-04,8.19E-04,8.63E-04,9.03E-04,9.28E-04,9.53E-04,9.99E-04,0.001027041,0.001082733,0.001160788,0.001224782,0.001289832,0.001372223,0.001441899,0.001496996,0.001531962,0.001580639,0.001614376,0.00166551,0.001727833,0.001785814,0.001845286,0.001910792,0.001977056,0.002059439,0.002138181,0.002199947,0.002256281,0.002303114,0.002357707,0.002434955,0.002498366,0.002576583,0.002607318,0.002666136,0.002793073,0.002857781,0.002950758,0.003067746,0.003144289,0.003248724,0.003338602,0.003426957,0.003498948,0.003563635,0.003623714,0.003687222,0.003732389,0.003778364,0.00382424,0.003870544,0.003926688,0.003989226,0.004052241,0.004109925,0.004168884,0.004222995,0.004274343,0.004325886,0.004379296,0.004421164,0.004459432,0.004491302,0.004524175,0.004555203,0.00458094,0.004617583,0.004616541,0.00460342,0.004580682,0.004547133,0.004507691,0.004469049,0.004426514,0.00437709,0.004323358,0.00426085,0.004217739,0.004178477,0.004156831,0.004141493,0.004155718,0.004163601,0.004150573,0.004166748,0.004216785,0.004240703
8.88E-05,8.46E-05,7.83E-05,7.51E-05,8.28E-05,9.04E-05,1.01E-04,1.03E-04,9.85E-05,9.42E-05,1.52E-04,2.06E-04,2.26E-04,2.22E-04,1.97E-04,1.79E-04,1.88E-04,2.08E-04,2.51E-04,3.13E-04,3.60E-04,4.03E-04,4.09E-04,3.84E-04,3.91E-04,4.40E-04,5.08E-04,5.72E-04,6.25E-04,6.76E-04,7.03E-04,7.06E-04,6.99E-04,7.17E-04,7.56E-04,7.71E-04,8.20E-04,8.42E-04,8.90E-04,9.64E-04,0.001091895,0.001174159,0.001239766,0.001301503,0.001331532,0.001369003,0.001444677,0.001494134,0.001545613,0.001580794,0.001667344,0.001707494,0.001767905,0.001847883,0.001937851,0.002024319,0.002101012,0.002157351,0.002206887,0.002283126,0.0023363,0.002386911,0.002419583,0.00246536,0.002564103,0.002654003,0.002770216,0.002831248,0.002904239,0.003027067,0.003071983,0.003133592,0.003233681,0.00330489,0.003393445,0.003471446,0.003563999,0.003645701,0.00372257,0.003797506,0.003868339,0.003920314,0.003970999,0.004018385,0.004062167,0.004116542,0.004183265,0.004248343,0.00431183,0.00438179,0.004452086,0.004521845,0.004589989,0.004662787,0.004719762,0.004765767,0.004801181,0.004833337,0.004860337,0.004880955,0.004914182,0.004910384,0.00489571,0.004871804,0.004840608,0.004807354,0.004775258,0.004740359,0.004698952,0.004654627,0.004605454,0.004574391,0.004541083,0.00452953,0.004525102,0.004546149,0.004562411,0.004560496,0.004584674,0.00462699,0.004650472
7.60E-05,8.01E-05,8.22E-05,7.75E-05,7.14E-05,5.84E-05,5.07E-05,4.70E-05,6.39E-05,1.11E-04,1.80E-04,2.19E-04,2.25E-04,2.25E-04,2.20E-04,2.16E-04,2.25E-04,2.42E-04,2.65E-04,2.90E-04,3.34E-04,3.83E-04,4.21E-04,4.36E-04,4.46E-04,4.66E-04,4.91E-04,5.38E-04,5.74E-04,6.19E-04,6.40E-04,6.50E-04,6.76E-04,7.30E-04,8.20E-04,9.05E-04,9.84E-04,0.001024831,0.001043121,0.001062587,0.001108431,0.001136519,0.001166291,0.001212249,0.00127087,0.001344135,0.001430637,0.001472434,0.001497403,0.001540791,0.001635668,0.001712804,0.00178788,0.001846522,0.001893083,0.001942101,0.002010686,0.002069618,0.002154967,0.002239288,0.00231758,0.002390589,0.00243861,0.002490902,0.002565478,0.002625795,0.002720353,0.002763999,0.00283542,0.002960958,0.003030389,0.003114651,0.003216411,0.003273761,0.003328673,0.003395537,0.003501887,0.00357942,0.003650937,0.003721876,0.003795129,0.003861056,0.003931575,0.00400101,0.004068498,0.004144594,0.004233776,0.004307433,0.004370919,0.004432376,0.004484586,0.004530271,0.004573918,0.004623728,0.004658763,0.004694714,0.004725631,0.004757658,0.004787218,0.004810943,0.004836313,0.004835975,0.004824663,0.004803522,0.004771645,0.004739019,0.004707413,0.004671792,0.004630553,0.004586492,0.004541453,0.004510304,0.004480243,0.004466431,0.004459844,0.004480405,0.004497757,0.004494287,0.004511692,0.004563782,0.004591449
8.38E-05,1.02E-04,1.12E-04,1.10E-04,1.03E-04,9.21E-05,8.61E-05,7.77E-05,7.98E-05,1.06E-04,1.63E-04,2.07E-04,2.20E-04,2.14E-04,2.01E-04,1.85E-04,1.99E-04,2.23E-04,2.61E-04,3.14E-04,3.65E-04,3.96E-04,4.12E-04,4.10E-04,4.05E-04,4.12E-04,4.46E-04,5.13E-04,5.90E-04,6.49E-04,6.66E-04,6.56E-04,6.69E-04,7.19E-04,8.04E-04,8.62E-04,9.00E-04,9.32E-04,9.47E-04,9.67E-04,0.001026813,0.001042257,0.001104332,0.001223588,0.001340272,0.00143579,0.001510998,0.001545692,0.001552984,0.001559418,0.001613988,0.001659007,0.001723416,0.001808741,0.001897304,0.001991639,0.002067443,0.002103455,0.002129619,0.002174846,0.0022334,0.002304815,0.002387171,0.002485585,0.002603827,0.002708864,0.00278433,0.002783391,0.002790089,0.002877894,0.002904987,0.002991857,0.003141174,0.003252304,0.00336216,0.003443205,0.003532311,0.003613451,0.003682403,0.003742445,0.003796818,0.003833013,0.003870214,0.00390788,0.003946318,0.004003376,0.004080442,0.00415512,0.004229809,0.004312252,0.004394242,0.004473736,0.004550532,0.004629314,0.004687169,0.004735555,0.004771304,0.004802398,0.004826853,0.00484195,0.004881778,0.004865582,0.004839536,0.004806001,0.004762732,0.004721141,0.0046828,0.004644068,0.004596361,0.004548869,0.004496026,0.004461512,0.004430249,0.004418555,0.004414707,0.004440776,0.004466133,0.004470493,0.004499732,0.004567652,0.004605765
8.82E-05,8.72E-05,8.41E-05,7.85E-05,7.68E-05,6.90E-05,6.22E-05,5.25E-05,4.64E-05,7.60E-05,1.60E-04,2.20E-04,2.42E-04,2.42E-04,2.23E-04,2.07E-04,2.15E-04,2.37E-04,2.71E-04,3.06E-04,3.28E-04,3.48E-04,3.43E-04,3.48E-04,4.14E-04,4.97E-04,5.59E-04,5.91E-04,6.18E-04,6.42E-04,6.53E-04,6.63E-04,7.01E-04,7.63E-04,8.29E-04,8.60E-04,9.09E-04,9.34E-04,9.62E-04,1.00E-03,0.001082043,0.001119359,0.001165926,0.001230336,0.001280182,0.001334811,0.001411045,0.001476935,0.001556991,0.001622867,0.001709346,0.001732077,0.001739932,0.001766728,0.00182251,0.001908319,0.001986878,0.0020517,0.002121411,0.002195972,0.002274927,0.002379208,0.002453331,0.002511451,0.002583922,0.002656777,0.002745559,0.002803201,0.002869578,0.002966914,0.002999635,0.003058143,0.003144993,0.003215506,0.003313211,0.003413566,0.00349926,0.003570232,0.003638586,0.003712612,0.003793068,0.003855736,0.00391952,0.003980603,0.004036869,0.004100177,0.004180378,0.004241173,0.004294217,0.004350047,0.004404866,0.004458061,0.004510296,0.004564846,0.004611643,0.00465009,0.004682548,0.004715528,0.004746208,0.00477255,0.004811225,0.004815155,0.004808543,0.004793807,0.004768428,0.004741905,0.004715986,0.004683429,0.004641906,0.004598958,0.004552672,0.004521337,0.004487522,0.004471577,0.004460001,0.004471198,0.004483822,0.0044679,0.004483317,0.00453678,0.004562447
8.59E-05,7.92E-05,7.21E-05,6.26E-05,6.02E-05,6.14E-05,7.88E-05,9.20E-05,1.02E-04,1.11E-04,1.53E-04,2.08E-04,2.40E-04,2.45E-04,2.34E-04,2.23E-04,2.21E-04,2.13E-04,2.27E-04,2.71E-04,3.35E-04,3.92E-04,4.23E-04,4.24E-04,4.09E-04,4.05E-04,4.46E-04,5.46E-04,6.34E-04,6.81E-04,6.87E-04,6.66E-04,6.55E-04,6.70E-04,7.30E-04,7.78E-04,8.60E-04,8.92E-04,9.16E-04,9.56E-04,0.001058662,0.001111265,0.001154641,0.001216169,0.00127963,0.001343617,0.001418047,0.001454941,0.001474467,0.00150573,0.001599078,0.0016707,0.001753942,0.00182156,0.001869975,0.001923813,0.00199189,0.002060121,0.002137089,0.002214112,0.00227188,0.002331932,0.002376154,0.002441189,0.002541706,0.002639515,0.002748805,0.002798246,0.00285158,0.002966917,0.003013608,0.003097189,0.003206723,0.003282935,0.003372124,0.003457877,0.003532958,0.003597973,0.003658563,0.00371972,0.003787465,0.003839288,0.00389354,0.003948057,0.004001918,0.004066312,0.004140354,0.004206331,0.004266715,0.004331233,0.004393973,0.004453866,0.004512535,0.004572614,0.004622036,0.004661658,0.00469336,0.004724303,0.004751938,0.00477445,0.004811761,0.004808127,0.004797449,0.004779796,0.004752603,0.004725442,0.004698672,0.004665352,0.004625461,0.004581362,0.00453239,0.004504533,0.004474078,0.004461947,0.004453579,0.00447105,0.004494775,0.004492193,0.004514935,0.004558135,0.004589198
4.96E-05,6.13E-05,7.20E-05,8.02E-05,8.73E-05,8.55E-05,8.34E-05,7.46E-05,6.25E-05,7.90E-05,1.26E-04,1.71E-04,2.01E-04,2.14E-04,2.15E-04,2.12E-04,2.18E-04,2.25E-04,2.43E-04,2.69E-04,2.91E-04,3.25E-04,3.37E-04,3.51E-04,3.89E-04,4.28E-04,4.73E-04,5.27E-04,5.70E-04,6.03E-04,6.16E-04,6.26E-04,6.40E-04,6.79E-04,7.42E-04,7.93E-04,8.44E-04,8.83E-04,9.13E-04,9.51E-04,0.001005185,0.00104355,0.001071638,0.001118296,0.001175774,0.001247232,0.001327374,0.001380413,0.001427432,0.001456243,0.001501538,0.001540352,0.001612766,0.001714441,0.001796157,0.001848399,0.001888779,0.001928615,0.00198694,0.002054309,0.002106001,0.00216136,0.00220418,0.002254368,0.002330334,0.002415262,0.002521566,0.002570765,0.002623614,0.00271796,0.002747303,0.002807068,0.002912315,0.002975115,0.003063272,0.003162706,0.00324516,0.003322734,0.003390433,0.003453961,0.003517625,0.003561349,0.003599322,0.003634273,0.003669556,0.003720533,0.003785458,0.003850749,0.003914896,0.003984438,0.004052345,0.004117024,0.004178386,0.004243452,0.004290952,0.004328661,0.004356551,0.004382792,0.004405702,0.004422193,0.004455813,0.004448573,0.004431772,0.004410747,0.004383528,0.004351674,0.004321931,0.004291401,0.004250572,0.004206101,0.004155761,0.004117049,0.004086433,0.004069966,0.004057292,0.004071024,0.004090741,0.004115845,0.004137973,0.004191529,0.004217129
3.41E-05,4.80E-05,6.01E-05,6.96E-05,8.19E-05,9.40E-05,1.12E-04,1.14E-04,1.38E-04,1.74E-04,1.96E-04,1.87E-04,1.68E-04,1.55E-04,1.53E-04,1.60E-04,1.82E-04,2.14E-04,2.54E-04,2.88E-04,3.23E-04,3.36E-04,3.37E-04,3.66E-04,4.36E-04,4.93E-04,5.29E-04,5.49E-04,5.62E-04,5.79E-04,5.88E-04,6.05E-04,6.41E-04,6.88E-04,7.37E-04,7.69E-04,8.35E-04,8.69E-04,9.16E-04,9.65E-04,0.001049008,0.001092671,0.001122136,0.001155587,0.001179683,0.001231992,0.001312741,0.001366206,0.001410816,0.001449578,0.001531261,0.001573641,0.001626917,0.001686001,0.001748039,0.001811605,0.001871973,0.001903587,0.001931965,0.001986887,0.002061197,0.002152343,0.002207889,0.002244776,0.002304413,0.002377316,0.002480775,0.002557498,0.002630326,0.002715827,0.00274429,0.002781521,0.002856567,0.002921217,0.00300757,0.003105492,0.00319538,0.003272986,0.003347083,0.003422498,0.003506359,0.003568318,0.003628268,0.003684778,0.003736562,0.003795645,0.003870382,0.003933152,0.003990957,0.004051493,0.004108646,0.004163819,0.00421654,0.004268864,0.004311567,0.004343168,0.004365812,0.004386674,0.004403342,0.004414822,0.004438385,0.004431062,0.004416784,0.004399285,0.004375578,0.004353963,0.004334835,0.004311794,0.004282583,0.00425089,0.004215145,0.004199143,0.004178234,0.004173842,0.004173287,0.004192918,0.004214048,0.004218265,0.004240896,0.004283643,0.004309371
7.00E-05,4.74E-05,3.38E-05,2.58E-05,3.43E-05,4.49E-05,6.29E-05,7.98E-05,9.69E-05,1.10E-04,1.58E-04,2.02E-04,2.26E-04,2.26E-04,2.19E-04,2.09E-04,2.09E-04,2.07E-04,2.14E-04,2.45E-04,2.92E-04,3.38E-04,3.50E-04,3.50E-04,3.76E-04,4.14E-04,4.76E-04,5.61E-04,6.14E-04,6.40E-04,6.37E-04,6.32E-04,6.57E-04,6.84E-04,7.31E-04,7.80E-04,8.39E-04,8.65E-04,8.77E-04,9.17E-04,9.87E-04,0.001094614,0.001175354,0.001225905,0.001237419,0.001241899,0.001290137,0.001320302,0.001359174,0.001408443,0.001475417,0.001545966,0.001631761,0.001720349,0.001780915,0.001822572,0.001858182,0.001898197,0.001953606,0.002015789,0.002095308,0.002182543,0.002239123,0.002280032,0.002349519,0.002411875,0.002503753,0.002563113,0.00265424,0.002789962,0.002868628,0.0029394,0.002992002,0.003024612,0.003077389,0.003112627,0.003166994,0.003213689,0.003263051,0.00331827,0.003383138,0.003436866,0.003499581,0.00356809,0.003636597,0.003715008,0.003809339,0.003888383,0.00395972,0.004031207,0.004096127,0.004153174,0.004202855,0.004252977,0.004290082,0.004319184,0.004341857,0.004365775,0.004388472,0.004407519,0.004440656,0.00443979,0.004431154,0.004418854,0.004398593,0.004374543,0.004353593,0.004329162,0.004295046,0.004257441,0.004216116,0.004187074,0.004160393,0.004149573,0.004143109,0.004163183,0.004182282,0.00419498,0.004213793,0.004261066,0.004281807
1.10E-04,9.89E-05,8.90E-05,7.56E-05,6.59E-05,5.35E-05,4.94E-05,4.43E-05,5.29E-05,8.26E-05,1.54E-04,2.15E-04,2.40E-04,2.37E-04,2.16E-04,1.96E-04,2.02E-04,2.10E-04,2.31E-04,2.68E-04,3.04E-04,3.38E-04,3.43E-04,3.41E-04,3.77E-04,4.22E-04,4.70E-04,5.12E-04,5.66E-04,6.10E-04,6.20E-04,6.22E-04,6.55E-04,6.97E-04,7.56E-04,7.93E-04,8.24E-04,8.42E-04,8.70E-04,9.01E-04,9.86E-04,0.001046128,0.001100608,0.001160918,0.001205859,0.001251934,0.00130479,0.001344434,0.001410078,0.001450188,0.001518023,0.00155015,0.00160413,0.001694657,0.001792354,0.00186662,0.001910607,0.001924799,0.001941032,0.001979927,0.002023764,0.00207742,0.002127634,0.002190214,0.002289583,0.002395454,0.002519357,0.002590607,0.002650902,0.00274874,0.002770172,0.002814931,0.002907979,0.002961607,0.003030523,0.003112453,0.003198091,0.003271333,0.003340507,0.003412344,0.003497487,0.003550535,0.003599926,0.003647944,0.003693075,0.003747061,0.003809786,0.003870575,0.003928891,0.00399276,0.004056399,0.004119337,0.00418113,0.004247568,0.00429781,0.004336405,0.004365548,0.004392436,0.00441522,0.004432602,0.004458448,0.004454137,0.004440683,0.004422813,0.004398233,0.004371037,0.004347547,0.004319705,0.004284337,0.00424581,0.004198563,0.004170844,0.004143656,0.004134568,0.00412965,0.00414605,0.004161099,0.004167927,0.004186544,0.004228097,0.004252506
1.08E-04,9.76E-05,7.51E-05,5.08E-05,3.83E-05,3.71E-05,4.91E-05,6.39E-05,8.12E-05,1.00E-04,1.45E-04,1.83E-04,1.99E-04,2.07E-04,2.06E-04,2.00E-04,2.15E-04,2.35E-04,2.66E-04,2.99E-04,3.36E-04,3.63E-04,3.59E-04,3.34E-04,3.33E-04,3.69E-04,4.26E-04,4.86E-04,5.58E-04,6.30E-04,6.52E-04,6.47E-04,6.56E-04,6.95E-04,7.50E-04,7.56E-04,7.88E-04,8.17E-04,8.62E-04,9.07E-04,9.92E-04,0.001042368,0.001090708,0.001152755,0.00120231,0.001258872,0.001328324,0.001384621,0.001437864,0.001473096,0.001527151,0.00154579,0.001582678,0.001654233,0.001747152,0.001846057,0.001929163,0.001971473,0.0019875,0.0019968,0.002009689,0.002054936,0.002128783,0.002223449,0.002342222,0.002449575,0.002562069,0.002617975,0.002660347,0.002735533,0.002742489,0.002783167,0.002878537,0.002953021,0.003046195,0.003131138,0.003224227,0.003304078,0.003374378,0.003440301,0.003513275,0.003558168,0.003597046,0.003633102,0.003669087,0.003717704,0.003789136,0.003850433,0.003909814,0.003975488,0.004040064,0.004103091,0.004165762,0.004231323,0.004283994,0.004327428,0.004361715,0.004393594,0.004421062,0.004441665,0.004479016,0.004476279,0.004463602,0.004443823,0.004415274,0.004387472,0.004360208,0.0043284,0.004290435,0.004248661,0.00420215,0.004172884,0.004142467,0.004127029,0.004116267,0.004130851,0.004143924,0.004140785,0.004155844,0.004205518,0.004230554
6.10E-05,6.40E-05,6.00E-05,4.58E-05,4.01E-05,3.81E-05,4.46E-05,5.25E-05,7.39E-05,1.13E-04,1.50E-04,1.68E-04,1.65E-04,1.50E-04,1.47E-04,1.61E-04,1.94E-04,2.33E-04,2.79E-04,3.20E-04,3.41E-04,3.48E-04,3.27E-04,3.10E-04,3.40E-04,3.86E-04,4.49E-04,5.22E-04,5.70E-04,5.95E-04,5.99E-04,6.03E-04,6.32E-04,6.77E-04,7.35E-04,7.68E-04,8.32E-04,8.45E-04,8.54E-04,8.98E-04,9.98E-04,0.001082366,0.001153139,0.001203654,0.001220612,0.001230991,0.001286113,0.001314423,0.001339689,0.001383931,0.001460835,0.001534406,0.001620756,0.00169996,0.001753464,0.001787503,0.001817497,0.001855536,0.001899369,0.001967051,0.002045396,0.002126494,0.002184538,0.002243496,0.002328098,0.002410887,0.00249259,0.002537446,0.002595776,0.002702387,0.00275372,0.002807287,0.002893646,0.002949912,0.003021968,0.003104174,0.003177271,0.003247367,0.003313607,0.003381049,0.003455009,0.003504997,0.003557478,0.003612228,0.003667888,0.003733486,0.003812287,0.00388342,0.003948577,0.004014011,0.004073884,0.004129407,0.004180448,0.004233128,0.004270732,0.004298847,0.004319384,0.0043391,0.004357086,0.004372839,0.004408171,0.004408598,0.004403937,0.004393521,0.004377396,0.00436246,0.004349804,0.004333493,0.004310404,0.004283633,0.00424943,0.0042265,0.004201779,0.004191432,0.004184683,0.004197599,0.004204193,0.004191971,0.004197855,0.004227981,0.004240943
6.55E-05,7.67E-05,8.61E-05,8.88E-05,8.91E-05,8.16E-05,7.78E-05,7.14E-05,6.85E-05,7.93E-05,1.24E-04,1.70E-04,1.98E-04,2.03E-04,1.91E-04,1.81E-04,1.84E-04,1.94E-04,2.19E-04,2.55E-04,2.96E-04,3.43E-04,3.67E-04,3.77E-04,3.80E-04,3.93E-04,4.14E-04,4.63E-04,5.27E-04,5.86E-04,6.16E-04,6.23E-04,6.32E-04,6.43E-04,6.79E-04,7.11E-04,8.03E-04,8.55E-04,8.92E-04,9.24E-04,9.74E-04,0.001021972,0.001045472,0.001076207,0.001112977,0.001165678,0.001248659,0.001322536,0.001380127,0.001430961,0.001511191,0.001533481,0.001557778,0.001597928,0.001658587,0.001737005,0.001815043,0.001878321,0.001924837,0.00198452,0.00205977,0.002123265,0.002157804,0.002196272,0.002272149,0.002348487,0.002426558,0.002480103,0.002536588,0.002628659,0.002670486,0.00272706,0.002819462,0.002892274,0.002976559,0.003071423,0.003155063,0.003224603,0.003292589,0.003361392,0.003432828,0.003484548,0.003538792,0.003591979,0.003642331,0.003700445,0.003769497,0.00382838,0.003881691,0.003937095,0.003988822,0.004038853,0.004088049,0.00413961,0.004182318,0.004216552,0.004244489,0.004272638,0.004298561,0.004321745,0.004359136,0.004364396,0.004360863,0.004352426,0.004336933,0.004318764,0.004301299,0.004279113,0.004250636,0.004218793,0.004181466,0.00415757,0.004132534,0.004120664,0.004109714,0.004117018,0.004123716,0.004109533,0.004125859,0.004154147,0.004171085
1.26E-04,1.45E-04,1.57E-04,1.54E-04,1.45E-04,1.31E-04,1.20E-04,1.01E-04,6.87E-05,4.72E-05,8.30E-05,1.40E-04,1.83E-04,2.03E-04,1.98E-04,1.88E-04,1.96E-04,2.00E-04,2.22E-04,2.69E-04,3.29E-04,3.73E-04,3.69E-04,3.39E-04,3.38E-04,3.38E-04,3.62E-04,4.35E-04,5.17E-04,5.70E-04,5.81E-04,5.70E-04,5.93E-04,6.17E-04,6.71E-04,7.15E-04,7.73E-04,8.05E-04,8.23E-04,8.58E-04,9.22E-04,9.90E-04,0.001060364,0.001133966,0.001180667,0.001222292,0.001288763,0.00132805,0.001364302,0.001383305,0.001422173,0.001444003,0.001497548,0.00158546,0.0016914,0.001789254,0.001862073,0.00190543,0.001943624,0.00199016,0.002025371,0.00206539,0.002094295,0.00213978,0.002225067,0.002309147,0.002425119,0.002492244,0.002552964,0.002638493,0.002666341,0.002733866,0.002827462,0.002882778,0.002970068,0.003067489,0.003150264,0.003226792,0.003293794,0.003358846,0.003435321,0.003489423,0.003541652,0.003588998,0.003631365,0.003681385,0.00372848,0.003780516,0.003829642,0.003884977,0.003939933,0.003993626,0.004048013,0.004104358,0.004147777,0.004188307,0.004220867,0.004251953,0.004278793,0.004299074,0.004328156,0.004324214,0.004311418,0.004293629,0.00427011,0.004242564,0.004219374,0.004193589,0.004163203,0.004130011,0.004089461,0.004068506,0.004047767,0.004042395,0.004039765,0.004055576,0.00407192,0.004074515,0.004087087,0.004123605,0.004140894
7.62E-05,7.87E-05,7.71E-05,6.95E-05,6.39E-05,5.62E-05,5.91E-05,6.72E-05,7.75E-05,9.91E-05,1.23E-04,1.46E-04,1.58E-04,1.63E-04,1.69E-04,1.78E-04,1.94E-04,2.20E-04,2.53E-04,2.87E-04,3.07E-04,3.37E-04,3.42E-04,3.39E-04,3.42E-04,3.71E-04,4.33E-04,5.10E-04,5.65E-04,6.02E-04,5.98E-04,5.79E-04,5.74E-04,6.12E-04,6.88E-04,7.36E-04,7.94E-04,8.17E-04,8.32E-04,8.72E-04,9.39E-04,9.70E-04,0.001008003,0.001066479,0.001134272,0.001198913,0.001272842,0.001322541,0.001356194,0.001382346,0.001441664,0.001494933,0.001566643,0.001642055,0.001691877,0.001741366,0.001796436,0.001851688,0.001904916,0.001966172,0.002030715,0.002101752,0.002155599,0.002212296,0.002287445,0.002381268,0.002488089,0.002525252,0.002555281,0.002623964,0.002652907,0.002718675,0.002823875,0.002897655,0.002983867,0.003082084,0.003154044,0.003223082,0.003288029,0.003351222,0.003421875,0.003467929,0.003510517,0.003551741,0.003592284,0.003643507,0.003710362,0.003772286,0.003832026,0.003896054,0.003957399,0.00401553,0.004072059,0.004128797,0.004170321,0.004206636,0.004234137,0.004259639,0.004281101,0.004297351,0.004334941,0.004331572,0.004320471,0.004304221,0.004278911,0.00425753,0.00423727,0.004212294,0.004180554,0.004145824,0.004103333,0.004079151,0.00405129,0.004036288,0.004024786,0.00403774,0.004048978,0.004043948,0.004058926,0.004103107,0.00412237
7.19E-05,8.43E-05,9.52E-05,9.73E-05,9.75E-05,8.74E-05,7.19E-05,4.95E-05,3.49E-05,6.47E-05,1.30E-04,1.79E-04,2.03E-04,2.06E-04,1.93E-04,1.81E-04,1.86E-04,1.97E-04,2.17E-04,2.43E-04,2.76E-04,3.04E-04,3.19E-04,3.38E-04,3.73E-04,3.97E-04,4.20E-04,4.67E-04,5.28E-04,5.82E-04,6.06E-04,6.11E-04,6.17E-04,6.29E-04,6.62E-04,6.79E-04,7.29E-04,7.65E-04,7.94E-04,8.43E-04,9.28E-04,9.88E-04,0.001040411,0.00111082,0.001179442,0.00123268,0.001294175,0.001326061,0.001368966,0.001419386,0.001482702,0.001535075,0.001595012,0.001676335,0.001749259,0.001793503,0.001811287,0.001824483,0.001861936,0.001950831,0.00203339,0.002103161,0.002156422,0.00221393,0.002295503,0.002376491,0.002455982,0.002464035,0.002484704,0.002575482,0.002628694,0.002729708,0.002860618,0.002951853,0.003021341,0.003096049,0.003170526,0.003224575,0.003270215,0.003315127,0.003368417,0.003405603,0.003448301,0.003495882,0.003546382,0.003610872,0.003689153,0.003762962,0.003833716,0.003908591,0.003981005,0.004049327,0.004112324,0.004173241,0.004221855,0.004254661,0.004276384,0.004294346,0.004308622,0.004319663,0.004345174,0.004339031,0.004326842,0.00430903,0.004293707,0.004274199,0.004255085,0.00423258,0.00420618,0.004178575,0.004145234,0.004127516,0.004109582,0.004103791,0.004101393,0.004113569,0.004132363,0.004142983,0.00416169,0.004195774,0.004217768
1.01E-04,1.12E-04,1.12E-04,1.04E-04,9.58E-05,8.47E-05,7.49E-05,6.58E-05,6.69E-05,7.85E-05,1.10E-04,1.34E-04,1.44E-04,1.48E-04,1.50E-04,1.52E-04,1.65E-04,1.81E-04,2.08E-04,2.35E-04,2.61E-04,2.84E-04,3.00E-04,3.09E-04,3.28E-04,3.60E-04,3.98E-04,4.35E-04,4.67E-04,4.94E-04,5.09E-04,5.17E-04,5.33E-04,5.66E-04,6.10E-04,6.39E-04,6.67E-04,7.00E-04,7.48E-04,8.01E-04,8.79E-04,9.21E-04,9.64E-04,0.001018519,0.001056242,0.001094719,0.001135414,0.001168319,0.001199916,0.001238011,0.001305337,0.001337648,0.001374786,0.001429535,0.001500118,0.001569764,0.001636247,0.001670094,0.001692431,0.001730731,0.001773185,0.001821844,0.001868185,0.001926093,0.002012075,0.002092759,0.002187416,0.002223514,0.002257034,0.002332427,0.002362274,0.002418943,0.002515344,0.002583396,0.00264781,0.002704661,0.002780991,0.002840533,0.002893925,0.002945134,0.003006184,0.003043297,0.003081616,0.003120209,0.003158407,0.003205829,0.003274882,0.0033322,0.003387209,0.003446111,0.003502637,0.003556694,0.003608786,0.003661519,0.003703208,0.00373356,0.00375532,0.003774611,0.00379003,0.003802436,0.003825481,0.003821815,0.003813495,0.003804427,0.003794062,0.003779625,0.003769696,0.003758933,0.003743762,0.003725957,0.003702425,0.00368985,0.003676208,0.003674815,0.003674694,0.003689891,0.003700395,0.003694901,0.003701464,0.0037224,0.003731708
3.13E-05,3.25E-05,3.58E-05,4.00E-05,4.61E-05,5.30E-05,6.99E-05,8.34E-05,1.01E-04,1.27E-04,1.43E-04,1.54E-04,1.50E-04,1.38E-04,1.30E-04,1.34E-04,1.56E-04,1.82E-04,2.09E-04,2.33E-04,2.68E-04,2.92E-04,3.03E-04,3.20E-04,3.47E-04,3.78E-04,4.15E-04,4.64E-04,5.00E-04,5.29E-04,5.38E-04,5.35E-04,5.44E-04,5.71E-04,6.18E-04,6.57E-04,7.13E-04,7.46E-04,7.81E-04,8.20E-04,8.86E-04,9.27E-04,9.58E-04,9.94E-04,0.001020454,0.001057043,0.001109314,0.001144758,0.001177728,0.001219562,0.001291837,0.001341837,0.001401596,0.001454318,0.001487208,0.001523365,0.001568165,0.001617745,0.00167575,0.001743527,0.001802412,0.001855272,0.001886494,0.001922779,0.001987408,0.002068348,0.002167362,0.002220218,0.002267233,0.002340543,0.002368129,0.002423472,0.002497096,0.002548356,0.002616604,0.002682002,0.002753597,0.002814342,0.002870743,0.002927031,0.002991189,0.003042791,0.003095692,0.003148553,0.003199221,0.003257365,0.003326286,0.0033844,0.003435398,0.003486046,0.003531438,0.003571864,0.00360845,0.003644753,0.003671554,0.003692303,0.003707463,0.003722861,0.003736363,0.003748123,0.003772598,0.003774049,0.0037732,0.003773035,0.003766997,0.003763338,0.003763331,0.003762593,0.003756788,0.003746138,0.003733706,0.003722833,0.003710851,0.003708656,0.003706251,0.003716156,0.003723393,0.003716818,0.00371938,0.003736144,0.003743869
9.14E-05,9.89E-05,1.05E-04,1.04E-04,1.02E-04,9.75E-05,9.90E-05,9.56E-05,9.02E-05,9.20E-05,1.11E-04,1.33E-04,1.48E-04,1.60E-04,1.68E-04,1.74E-04,1.88E-04,1.99E-04,2.17E-04,2.48E-04,2.84E-04,3.24E-04,3.30E-04,3.14E-04,3.18E-04,3.39E-04,3.81E-04,4.36E-04,4.79E-04,4.95E-04,4.95E-04,4.98E-04,5.11E-04,5.46E-04,6.02E-04,6.58E-04,7.24E-04,7.50E-04,7.68E-04,7.89E-04,8.52E-04,8.97E-04,9.30E-04,9.65E-04,9.99E-04,0.001038863,0.001113507,0.00115916,0.001209166,0.001258003,0.001324348,0.001347419,0.001371233,0.00140277,0.00144671,0.001502961,0.001559067,0.001619064,0.001674161,0.001754554,0.001807362,0.001866997,0.001898777,0.001925517,0.001972486,0.002030774,0.002130571,0.002202768,0.002275632,0.00236508,0.002404062,0.002449118,0.002518558,0.002566354,0.002626416,0.002701551,0.002768221,0.002822883,0.002877825,0.002936973,0.003017251,0.00307871,0.003138784,0.00319553,0.003250906,0.003312626,0.003371615,0.003430566,0.003482004,0.003532195,0.003576355,0.003614927,0.003650702,0.003689732,0.003713194,0.003733151,0.003748445,0.003765307,0.0037826,0.003798991,0.003822915,0.003833741,0.003838132,0.003836502,0.003832688,0.003826199,0.003819794,0.003811053,0.003796114,0.003775601,0.00374637,0.00372787,0.003707432,0.003696831,0.003689352,0.00369903,0.003708247,0.003705987,0.003709934,0.003730345,0.003738614
3.95E-05,5.15E-05,6.11E-05,6.17E-05,6.15E-05,5.65E-05,5.45E-05,5.18E-05,5.92E-05,9.50E-05,1.39E-04,1.69E-04,1.75E-04,1.64E-04,1.49E-04,1.43E-04,1.59E-04,1.78E-04,2.04E-04,2.32E-04,2.66E-04,2.76E-04,2.74E-04,2.83E-04,3.12E-04,3.45E-04,3.89E-04,4.61E-04,5.26E-04,5.63E-04,5.61E-04,5.44E-04,5.62E-04,5.84E-04,6.32E-04,6.64E-04,7.18E-04,7.40E-04,7.59E-04,7.81E-04,8.52E-04,8.93E-04,9.25E-04,9.70E-04,0.001016286,0.00106681,0.001125403,0.001158273,0.001182808,0.001208765,0.001282048,0.001329228,0.00138597,0.001440305,0.001491744,0.00154849,0.001606947,0.001647413,0.001685153,0.001736911,0.001798194,0.001858457,0.00191,0.001962065,0.002028576,0.002085873,0.002156335,0.002193429,0.002235634,0.002314731,0.002345781,0.002399862,0.002486833,0.00255483,0.002627433,0.002707672,0.002776428,0.002834736,0.002889429,0.002941889,0.003002571,0.003042629,0.003082113,0.003121087,0.00315968,0.003208857,0.003267693,0.003325038,0.003380562,0.003440884,0.003499668,0.003556673,0.003612403,0.003668343,0.003712935,0.003746057,0.00377068,0.003792738,0.003811392,0.003827323,0.003859904,0.003863501,0.003861432,0.003854896,0.003845113,0.003835327,0.003824565,0.003811257,0.003791744,0.003768981,0.003739912,0.003720333,0.003702398,0.003694583,0.003689314,0.00369571,0.003703387,0.003702599,0.00371406,0.003740935,0.003757443
5.96E-05,6.80E-05,6.96E-05,6.26E-05,5.63E-05,4.93E-05,4.97E-05,5.03E-05,6.85E-05,1.03E-04,1.46E-04,1.62E-04,1.55E-04,1.45E-04,1.32E-04,1.25E-04,1.44E-04,1.67E-04,1.93E-04,2.26E-04,2.67E-04,3.01E-04,3.26E-04,3.39E-04,3.52E-04,3.61E-04,3.75E-04,4.16E-04,4.79E-04,5.24E-04,5.46E-04,5.52E-04,5.66E-04,5.77E-04,6.15E-04,6.53E-04,7.12E-04,7.40E-04,7.64E-04,7.97E-04,8.69E-04,9.18E-04,9.54E-04,9.99E-04,0.001038227,0.001079763,0.001133346,0.001169417,0.001205914,0.001236397,0.001303296,0.001332581,0.001376454,0.001435381,0.001497355,0.001558915,0.001619943,0.001658713,0.001707365,0.001769723,0.001832816,0.001867457,0.001879026,0.001912081,0.001998954,0.002090561,0.002186344,0.002234721,0.002271385,0.002350978,0.002363281,0.00241538,0.002507404,0.002564855,0.002622805,0.002687881,0.002764941,0.002822489,0.002879437,0.002938291,0.003002388,0.00304751,0.003094137,0.003139292,0.00318176,0.003231749,0.003292175,0.003342862,0.003389564,0.003440869,0.003491096,0.003539414,0.003586817,0.003638371,0.00367984,0.003710961,0.003736236,0.003761592,0.003785108,0.003804978,0.003829927,0.003836232,0.003834683,0.003830613,0.003823007,0.003812926,0.003803711,0.003791308,0.00377108,0.003746572,0.003715527,0.003698083,0.003679629,0.003669054,0.00366058,0.003670445,0.003686131,0.003687196,0.003700516,0.003735469,0.003751053
7.85E-05,9.27E-05,9.43E-05,8.64E-05,7.84E-05,6.82E-05,6.35E-05,6.25E-05,8.30E-05,9.86E-05,1.37E-04,1.67E-04,1.73E-04,1.69E-04,1.60E-04,1.59E-04,1.89E-04,2.31E-04,2.80E-04,3.30E-04,3.62E-04,3.81E-04,3.69E-04,3.54E-04,3.80E-04,4.13E-04,4.68E-04,5.39E-04,5.98E-04,6.29E-04,6.24E-04,6.31E-04,6.69E-04,7.21E-04,7.74E-04,7.99E-04,8.34E-04,8.49E-04,8.64E-04,9.12E-04,0.001012375,0.001096108,0.001162498,0.001239747,0.001307011,0.001360082,0.001421393,0.00143216,0.001442347,0.00145994,0.001516261,0.001581231,0.001676282,0.001791557,0.001882879,0.001929325,0.001946464,0.001957701,0.002005553,0.002086976,0.00219227,0.002261784,0.002297758,0.002324378,0.002374524,0.002436632,0.002543033,0.002586939,0.002634464,0.002724229,0.002784911,0.002890693,0.003034862,0.003129591,0.00321714,0.003294934,0.00337452,0.003434846,0.003492127,0.003548799,0.003613451,0.003661483,0.003715302,0.003771955,0.003829265,0.003899412,0.003980233,0.004056806,0.004126372,0.004196513,0.004258799,0.004312192,0.004360401,0.004408109,0.004443563,0.004471322,0.004494378,0.004520933,0.00454889,0.004575657,0.004623831,0.004637763,0.004644461,0.004649141,0.004651373,0.004646932,0.004642232,0.004636341,0.004623546,0.004608409,0.004588911,0.004577471,0.004566133,0.004562475,0.004562496,0.004581097,0.004591546,0.004599439,0.004616291,0.004660438,0.004675948
5.34E-05,5.41E-05,6.02E-05,6.62E-05,7.39E-05,7.30E-05,7.98E-05,8.24E-05,9.94E-05,1.25E-04,1.66E-04,1.90E-04,1.95E-04,1.96E-04,1.96E-04,1.98E-04,2.18E-04,2.41E-04,2.63E-04,2.91E-04,3.05E-04,3.40E-04,3.58E-04,3.69E-04,3.85E-04,4.16E-04,4.55E-04,5.01E-04,5.51E-04,6.05E-04,6.26E-04,6.30E-04,6.36E-04,6.71E-04,7.30E-04,7.64E-04,8.21E-04,8.41E-04,8.70E-04,9.21E-04,0.001035124,0.001084981,0.001139391,0.001194192,0.001248459,0.001295256,0.001355745,0.001376494,0.001390254,0.001430454,0.00152615,0.001592977,0.0016732,0.001757626,0.001836353,0.001913032,0.001987172,0.002035306,0.002066045,0.002135616,0.002198711,0.002263185,0.002307009,0.002351062,0.002425318,0.002504085,0.002592739,0.002644107,0.00270889,0.002817098,0.002863147,0.002923822,0.003018656,0.003088173,0.00316603,0.003241293,0.003327148,0.003399773,0.003465626,0.003529329,0.003602366,0.003653842,0.003706046,0.003757478,0.003807982,0.003871396,0.003948528,0.004019148,0.004084584,0.004153365,0.004218938,0.004280277,0.004338936,0.004401177,0.004449209,0.004486166,0.004515528,0.004545174,0.004572505,0.00459599,0.00463467,0.00464353,0.004645379,0.004648106,0.004646347,0.004641747,0.004641401,0.00464112,0.004634113,0.004621569,0.00460502,0.004597474,0.00458358,0.004583072,0.004588449,0.004617004,0.004633746,0.004648175,0.004660004,0.004703619,0.004716494
7.57E-05,7.68E-05,7.52E-05,7.72E-05,8.34E-05,9.42E-05,1.13E-04,1.19E-04,1.30E-04,1.32E-04,1.57E-04,1.75E-04,1.81E-04,1.85E-04,2.03E-04,2.25E-04,2.64E-04,2.93E-04,3.23E-04,3.44E-04,3.54E-04,3.68E-04,3.65E-04,3.45E-04,3.48E-04,3.85E-04,4.63E-04,5.57E-04,6.30E-04,6.72E-04,6.82E-04,6.68E-04,6.48E-04,6.59E-04,7.10E-04,7.46E-04,7.98E-04,8.42E-04,8.84E-04,9.39E-04,0.001012149,0.001042649,0.001072262,0.001131734,0.001193761,0.00126044,0.001329483,0.001371931,0.001406061,0.001445458,0.001528585,0.001598054,0.001667793,0.001732594,0.001791547,0.001852793,0.001926674,0.001984641,0.002042411,0.002096624,0.002143843,0.002192322,0.0022339,0.002293425,0.002385291,0.002485574,0.002609367,0.00266355,0.002710941,0.002808826,0.002852092,0.002927586,0.003021927,0.003098798,0.003196603,0.003270315,0.003343916,0.003413252,0.003478424,0.003542667,0.00361473,0.003666996,0.003718251,0.003766627,0.003812628,0.003871465,0.003948141,0.004016441,0.004080712,0.004148802,0.004212909,0.004272831,0.00433028,0.004388606,0.004435235,0.004474989,0.004507243,0.004538897,0.004567526,0.004592333,0.00463899,0.004646436,0.004648876,0.004649144,0.004645783,0.00463979,0.004637785,0.0046346,0.004625759,0.004614151,0.004598898,0.004592465,0.004587074,0.004592109,0.004597229,0.004616962,0.004639501,0.004648125,0.004659061,0.00468933,0.004705611
7.26E-05,6.90E-05,6.67E-05,6.43E-05,6.55E-05,6.26E-05,6.76E-05,6.70E-05,8.42E-05,1.32E-04,2.05E-04,2.46E-04,2.42E-04,2.16E-04,1.86E-04,1.69E-04,1.79E-04,2.00E-04,2.30E-04,2.61E-04,3.05E-04,3.34E-04,3.51E-04,3.72E-04,4.20E-04,4.64E-04,5.03E-04,5.43E-04,5.82E-04,6.26E-04,6.46E-04,6.49E-04,6.54E-04,6.63E-04,6.85E-04,6.99E-04,7.64E-04,8.17E-04,8.82E-04,9.52E-04,0.001050253,0.001136672,0.001191204,0.001237374,0.001248404,0.001266739,0.001314788,0.001343025,0.001399159,0.00146966,0.001577883,0.00164605,0.001717751,0.001791727,0.001843734,0.001871033,0.001884514,0.001896668,0.001937038,0.002023088,0.002121195,0.002228875,0.002298155,0.002345368,0.002407534,0.002470906,0.002548343,0.002595161,0.002656104,0.002764431,0.002809647,0.002877527,0.002981502,0.003060978,0.00314947,0.003187133,0.003272022,0.003334718,0.003392035,0.003451851,0.00352764,0.003582689,0.003644433,0.003711909,0.003781599,0.003864417,0.003980382,0.00407027,0.00415198,0.004232266,0.004304731,0.004369882,0.004426695,0.004484235,0.004523532,0.004547584,0.004562711,0.004577141,0.00458996,0.004602315,0.004635872,0.004639039,0.004640313,0.004641916,0.004644818,0.004645674,0.004651124,0.004655462,0.004655093,0.004654182,0.004651316,0.004651482,0.004649015,0.004659616,0.004673368,0.004699573,0.004719724,0.004719507,0.004733275,0.004762581,0.004775308
9.44E-05,9.82E-05,9.87E-05,9.14E-05,8.79E-05,8.18E-05,8.18E-05,7.54E-05,7.79E-05,9.63E-05,1.50E-04,1.88E-04,2.00E-04,1.97E-04,1.92E-04,1.93E-04,2.10E-04,2.34E-04,2.73E-04,3.14E-04,3.40E-04,3.48E-04,3.56E-04,3.67E-04,4.02E-04,4.39E-04,4.80E-04,5.38E-04,5.73E-04,6.00E-04,6.10E-04,6.16E-04,6.21E-04,6.51E-04,7.04E-04,7.48E-04,8.19E-04,8.67E-04,9.14E-04,9.79E-04,0.001057006,0.001114977,0.001150056,0.001186763,0.001222456,0.001272228,0.001347223,0.001391,0.00142332,0.0014468,0.001505744,0.001570432,0.001658654,0.001754059,0.001826037,0.001868713,0.001907374,0.001934032,0.001988065,0.002074331,0.002174769,0.002254292,0.002305813,0.002353377,0.002433288,0.002522201,0.002610853,0.002640255,0.002676207,0.00277223,0.002810214,0.002886156,0.003000967,0.00308024,0.003179982,0.003247906,0.003326156,0.003393485,0.003455035,0.00351576,0.003578588,0.003617498,0.003660603,0.003707982,0.003756869,0.003820967,0.003898883,0.003973353,0.004043279,0.004117459,0.00418902,0.00425563,0.004318527,0.004383794,0.004432389,0.004471932,0.004503425,0.004534587,0.004563302,0.00458759,0.004634366,0.004640355,0.00464,0.004637046,0.004630659,0.004621908,0.004621012,0.004614946,0.004600845,0.004584307,0.004562934,0.004560524,0.004553306,0.004563856,0.004575193,0.004607441,0.004628016,0.004645246,0.004659503,0.004701164,0.004726785
6.37E-05,7.91E-05,9.75E-05,1.06E-04,1.08E-04,9.86E-05,9.02E-05,6.94E-05,5.83E-05,7.59E-05,1.28E-04,1.79E-04,2.01E-04,1.96E-04,1.72E-04,1.55E-04,1.60E-04,1.83E-04,2.24E-04,2.70E-04,2.99E-04,3.07E-04,2.99E-04,3.14E-04,3.47E-04,3.84E-04,4.08E-04,4.37E-04,4.74E-04,5.22E-04,5.50E-04,5.64E-04,5.75E-04,5.95E-04,6.30E-04,6.59E-04,6.95E-04,7.33E-04,7.88E-04,8.43E-04,9.18E-04,9.65E-04,0.001000055,0.001049821,0.00109299,0.001145982,0.001204405,0.001262062,0.001318811,0.0013577,0.001410733,0.00142484,0.001456332,0.001507978,0.001572588,0.001639297,0.001705016,0.001764695,0.001827025,0.001892022,0.001948436,0.002011875,0.002064593,0.002125087,0.002203418,0.00227513,0.00235856,0.002390977,0.002429168,0.002507057,0.002527483,0.002593177,0.002706545,0.002768336,0.002833081,0.002901585,0.002967594,0.003027299,0.003082644,0.003135036,0.003194485,0.003231303,0.003268269,0.003307937,0.003348623,0.003402044,0.003464978,0.003529517,0.003590631,0.003655604,0.003717799,0.003774711,0.003827275,0.003879758,0.003919904,0.003949074,0.003972454,0.003997198,0.004021086,0.004042208,0.004085467,0.004098134,0.004106396,0.004116843,0.004123007,0.004131055,0.004141696,0.004150814,0.004155675,0.004158366,0.004155608,0.004162678,0.004165392,0.004172416,0.004178896,0.004192091,0.004201508,0.004211509,0.00422588,0.004254022,0.004261827
6.68E-05,7.24E-05,7.55E-05,7.65E-05,8.28E-05,9.09E-05,1.05E-04,1.09E-04,1.12E-04,1.03E-04,1.23E-04,1.49E-04,1.64E-04,1.68E-04,1.65E-04,1.55E-04,1.61E-04,1.76E-04,2.02E-04,2.35E-04,2.80E-04,3.23E-04,3.46E-04,3.54E-04,3.72E-04,3.83E-04,4.00E-04,4.45E-04,4.89E-04,5.31E-04,5.55E-04,5.68E-04,5.81E-04,5.96E-04,6.29E-04,6.70E-04,7.36E-04,7.68E-04,7.94E-04,8.34E-04,9.17E-04,9.97E-04,0.001049334,0.001089057,0.001106379,0.001125656,0.001182574,0.001219818,0.00125852,0.001296268,0.001360844,0.001404249,0.001468532,0.001545807,0.001617696,0.001683733,0.001740932,0.00177299,0.001819584,0.001870362,0.001904886,0.001957791,0.002001796,0.002061233,0.002150922,0.002232185,0.002322106,0.002373001,0.002434502,0.002539083,0.002568827,0.002630453,0.002703839,0.002755528,0.002828364,0.002906357,0.002971997,0.00303721,0.003096056,0.003152682,0.003216131,0.003263607,0.003308547,0.003350966,0.003390398,0.003438336,0.003495622,0.003548487,0.003598433,0.003653238,0.003706414,0.003757194,0.003806957,0.003856928,0.003902136,0.003937848,0.003967713,0.003997847,0.004025599,0.004050841,0.004098732,0.004114141,0.004125602,0.004138106,0.004146569,0.004155141,0.004164478,0.004172494,0.00417637,0.004176605,0.004175121,0.004172591,0.004168385,0.004169107,0.004167724,0.004169606,0.004167578,0.004169591,0.00416919,0.004177858,0.004176633
1.62E-04,1.76E-04,1.68E-04,1.44E-04,1.19E-04,9.51E-05,7.77E-05,6.84E-05,7.92E-05,1.00E-04,1.38E-04,1.64E-04,1.81E-04,1.86E-04,1.91E-04,1.94E-04,2.07E-04,2.25E-04,2.55E-04,2.83E-04,3.00E-04,2.99E-04,2.87E-04,2.84E-04,3.14E-04,3.47E-04,3.95E-04,4.48E-04,4.85E-04,5.08E-04,5.19E-04,5.27E-04,5.61E-04,6.02E-04,6.51E-04,6.85E-04,7.14E-04,7.22E-04,7.43E-04,8.03E-04,8.91E-04,9.27E-04,9.64E-04,0.001019431,0.001070585,0.001120851,0.001182791,0.001224969,0.00127743,0.001336224,0.001419796,0.00145527,0.001481747,0.001518271,0.001568108,0.001625541,0.001686743,0.001741871,0.001822764,0.0019184,0.001991504,0.002036353,0.002049844,0.00208571,0.002164192,0.002255376,0.002350186,0.002373145,0.002396253,0.002479638,0.002500304,0.002564414,0.002658102,0.002715884,0.002784886,0.002861425,0.00293991,0.003007489,0.00307543,0.003147484,0.003229102,0.003286614,0.00334263,0.003392761,0.003439548,0.003495562,0.00354607,0.00360378,0.003655816,0.003709125,0.003756909,0.003798924,0.003838128,0.003881505,0.003911139,0.003933211,0.003951802,0.003973983,0.003998464,0.004024635,0.004063423,0.004088514,0.004109626,0.00413127,0.004154448,0.004171787,0.004192173,0.004208622,0.004218488,0.004221696,0.004217649,0.004219311,0.004216425,0.004218455,0.004216895,0.00422352,0.004231101,0.004243022,0.004237378,0.004241631,0.004235934
1.08E-04,1.19E-04,1.24E-04,1.16E-04,1.05E-04,9.02E-05,8.27E-05,7.20E-05,6.67E-05,6.63E-05,9.80E-05,1.46E-04,1.85E-04,2.04E-04,2.02E-04,1.91E-04,1.96E-04,1.99E-04,2.14E-04,2.51E-04,2.80E-04,3.01E-04,2.98E-04,2.93E-04,3.22E-04,3.46E-04,3.82E-04,4.49E-04,4.95E-04,5.31E-04,5.42E-04,5.58E-04,5.76E-04,6.10E-04,6.69E-04,7.30E-04,7.85E-04,7.89E-04,7.88E-04,8.33E-04,9.10E-04,9.52E-04,9.88E-04,0.001026289,0.001074823,0.001134509,0.001216446,0.001258434,0.001297891,0.001339343,0.001410194,0.001443788,0.001471034,0.001508684,0.001567123,0.001637944,0.001707877,0.001765308,0.001813712,0.00187695,0.001910136,0.001949408,0.001982104,0.002030765,0.002113093,0.002190941,0.002289652,0.00235498,0.002419256,0.002502987,0.002527892,0.00257443,0.002649622,0.002700931,0.002786438,0.002868024,0.002953964,0.00303171,0.003101228,0.00316717,0.003246981,0.003307406,0.003366376,0.003419237,0.003465274,0.003516068,0.003560461,0.003608763,0.003649615,0.003692161,0.003729947,0.00376342,0.003795814,0.0038303,0.003860779,0.003886022,0.003909985,0.00393916,0.003970172,0.004001102,0.004045137,0.004069143,0.004089,0.004108976,0.004122758,0.004132005,0.004142211,0.004153182,0.004159073,0.004157957,0.004150073,0.004143842,0.004138006,0.004137333,0.004138372,0.004154528,0.004164888,0.004159372,0.004158426,0.004182473,0.004186888
7.96E-05,9.69E-05,1.09E-04,1.17E-04,1.21E-04,1.17E-04,1.12E-04,9.65E-05,7.77E-05,7.10E-05,1.15E-04,1.63E-04,1.92E-04,2.00E-04,1.98E-04,1.85E-04,1.83E-04,1.82E-04,1.92E-04,2.23E-04,2.68E-04,3.06E-04,3.19E-04,3.17E-04,3.21E-04,3.43E-04,3.78E-04,4.31E-04,4.82E-04,5.38E-04,5.70E-04,5.85E-04,6.05E-04,6.36E-04,6.77E-04,6.99E-04,7.41E-04,7.63E-04,7.84E-04,8.18E-04,8.90E-04,9.34E-04,9.85E-04,0.001050397,0.001100563,0.001155112,0.001224258,0.00126049,0.001289769,0.001327916,0.001406663,0.001439761,0.001475965,0.001524005,0.001584728,0.00166598,0.001740602,0.001783838,0.001808674,0.001834693,0.001876981,0.001947019,0.002014404,0.00207959,0.002156495,0.002220022,0.002291329,0.00233192,0.002380804,0.00246431,0.002490513,0.002539338,0.002630197,0.002702163,0.002795964,0.002878898,0.00296829,0.003039562,0.00310201,0.003161361,0.003231355,0.003274678,0.003316383,0.003356109,0.003394805,0.003445756,0.003498173,0.003555944,0.003610773,0.00367005,0.003727247,0.003780994,0.003831877,0.003882919,0.003923637,0.003953702,0.003976605,0.003999502,0.004020589,0.004038508,0.004068342,0.004077815,0.004081356,0.004086535,0.004092673,0.004095057,0.004103942,0.004112412,0.00411507,0.004113916,0.004104503,0.004108549,0.004107932,0.004116471,0.004123333,0.004141596,0.004153505,0.004159396,0.004165928,0.004191048,0.004198042
1.16E-04,1.08E-04,9.10E-05,7.00E-05,5.11E-05,3.30E-05,3.29E-05,3.78E-05,6.92E-05,1.10E-04,1.43E-04,1.63E-04,1.67E-04,1.63E-04,1.65E-04,1.74E-04,2.01E-04,2.25E-04,2.54E-04,2.79E-04,3.03E-04,3.14E-04,3.18E-04,3.26E-04,3.57E-04,3.85E-04,4.22E-04,4.73E-04,5.24E-04,5.65E-04,5.75E-04,5.84E-04,6.07E-04,6.46E-04,7.00E-04,7.34E-04,7.71E-04,7.96E-04,8.08E-04,8.33E-04,8.97E-04,9.56E-04,0.001019021,0.001093034,0.001165303,0.001220961,0.001288672,0.001321836,0.001341958,0.001336697,0.001354195,0.001380761,0.001446337,0.00155201,0.001663532,0.001747437,0.001799197,0.001824266,0.001851449,0.001890432,0.00193344,0.001979828,0.002032507,0.002102167,0.002203941,0.002300201,0.002407195,0.002447842,0.002477845,0.002550987,0.002557704,0.002624322,0.00274197,0.002816842,0.002916525,0.003003897,0.003067822,0.003139704,0.003207569,0.00327109,0.003326171,0.003357944,0.003387223,0.003415089,0.003442269,0.003483937,0.003533102,0.003590153,0.003648188,0.003715013,0.003781816,0.003844781,0.003904558,0.003963623,0.004010673,0.004043846,0.004069772,0.00409636,0.00412206,0.00414562,0.004202414,0.00421389,0.004221171,0.004230432,0.004237181,0.00424289,0.004252563,0.004259023,0.004258292,0.004254266,0.004246869,0.004248157,0.004246397,0.004253923,0.00425957,0.004276163,0.004291503,0.004301399,0.004311382,0.004337831,0.004351695
5.55E-05,5.37E-05,5.42E-05,5.83E-05,7.25E-05,8.55E-05,9.99E-05,1.04E-04,9.89E-05,1.11E-04,1.59E-04,1.99E-04,2.13E-04,2.03E-04,1.81E-04,1.62E-04,1.63E-04,1.76E-04,2.08E-04,2.56E-04,3.03E-04,3.31E-04,3.23E-04,3.18E-04,3.37E-04,3.66E-04,4.11E-04,4.84E-04,5.49E-04,5.97E-04,6.09E-04,6.00E-04,6.09E-04,6.28E-04,6.65E-04,6.94E-04,7.21E-04,7.61E-04,8.13E-04,8.74E-04,9.33E-04,9.78E-04,0.001020653,0.001075937,0.00110482,0.001128546,0.001156211,0.001186939,0.001231682,0.001277825,0.001342632,0.001390595,0.001466085,0.001566079,0.001654104,0.001723242,0.001776125,0.001807366,0.001844007,0.001892881,0.00195874,0.002023013,0.002077364,0.002145578,0.002243596,0.002342863,0.002436171,0.002452986,0.002474365,0.002554994,0.002573574,0.00263799,0.002743378,0.002795676,0.002851063,0.002923024,0.00300526,0.003072955,0.003136019,0.003198069,0.003258694,0.003298631,0.003341432,0.003387238,0.003434004,0.003494515,0.00356105,0.003629349,0.003692957,0.003759309,0.003822795,0.003881312,0.003935306,0.003990557,0.004032784,0.0040594,0.004079263,0.00409934,0.004118562,0.004137715,0.004172512,0.004186571,0.00420159,0.004218835,0.004233277,0.004251214,0.0042731,0.004292139,0.004305724,0.004315123,0.004320046,0.004326485,0.004328656,0.00433671,0.004341614,0.004351835,0.00435885,0.00438175,0.004385224,0.004394481,0.004400618
1.22E-04,1.17E-04,1.07E-04,9.38E-05,8.68E-05,7.91E-05,8.11E-05,8.99E-05,1.04E-04,1.07E-04,1.19E-04,1.43E-04,1.69E-04,1.83E-04,1.86E-04,1.81E-04,1.91E-04,1.98E-04,2.09E-04,2.29E-04,2.73E-04,3.36E-04,3.84E-04,4.08E-04,4.04E-04,3.72E-04,3.52E-04,3.83E-04,4.62E-04,5.60E-04,6.14E-04,6.27E-04,6.34E-04,6.41E-04,6.82E-04,7.18E-04,7.70E-04,8.31E-04,8.76E-04,8.98E-04,9.21E-04,9.33E-04,9.50E-04,9.98E-04,0.001057282,0.001120746,0.001183154,0.001246545,0.001302657,0.001340879,0.001398831,0.00143544,0.001489535,0.001555857,0.001609904,0.001668922,0.001741271,0.001799844,0.001841347,0.001907484,0.001979014,0.002056741,0.002116707,0.002177849,0.002255166,0.002333251,0.002401162,0.002398843,0.002415661,0.002502154,0.002564717,0.002653331,0.002761813,0.002837842,0.002916597,0.002948722,0.003025171,0.003091804,0.00315558,0.003217614,0.003277615,0.003315568,0.003357721,0.003402782,0.003448114,0.003506243,0.003585589,0.003651523,0.003712555,0.003776651,0.003836162,0.003889615,0.003938076,0.003984625,0.004024727,0.004051886,0.004073572,0.004096477,0.004118866,0.004140076,0.004182905,0.004196224,0.004207952,0.004222692,0.004236601,0.004249794,0.004267613,0.004283968,0.004293909,0.004299482,0.004304482,0.004308165,0.004306937,0.004312818,0.004316763,0.004330764,0.00434302,0.004335626,0.004339426,0.004363706,0.004365454
4.50E-05,6.54E-05,8.33E-05,9.37E-05,1.05E-04,1.13E-04,1.17E-04,1.11E-04,9.64E-05,1.02E-04,1.39E-04,1.72E-04,1.80E-04,1.67E-04,1.44E-04,1.33E-04,1.49E-04,1.77E-04,2.20E-04,2.72E-04,3.13E-04,3.33E-04,3.37E-04,3.47E-04,3.82E-04,4.16E-04,4.48E-04,4.85E-04,5.16E-04,5.37E-04,5.49E-04,5.65E-04,5.93E-04,6.29E-04,6.64E-04,6.74E-04,7.23E-04,7.49E-04,7.93E-04,8.56E-04,9.66E-04,0.001020677,0.001058748,0.001103357,0.001146806,0.001178804,0.001207971,0.001218625,0.001245883,0.001295355,0.001394031,0.001467565,0.001545096,0.001620272,0.001675868,0.001717573,0.001741195,0.001763219,0.001786312,0.001844896,0.001936279,0.002020071,0.00207076,0.002113738,0.002185054,0.002279776,0.002383911,0.002424154,0.002455125,0.002523202,0.002552663,0.002629678,0.002739397,0.00282347,0.002920317,0.002998341,0.003057114,0.003118224,0.003174728,0.00323043,0.003303497,0.003343943,0.003384944,0.003427437,0.003472106,0.003529402,0.003592444,0.003662351,0.003729828,0.003800677,0.003865685,0.003923125,0.00397272,0.004018134,0.004051793,0.004070035,0.004081977,0.004096489,0.004113356,0.004133883,0.004186863,0.004205831,0.004225046,0.004246007,0.004267948,0.004285212,0.004302746,0.004318362,0.004328198,0.004331248,0.004322113,0.004318252,0.004315915,0.004318686,0.004318451,0.004320516,0.004323639,0.004332389,0.004334763,0.004335182,0.004339389
7.54E-05,8.07E-05,7.87E-05,6.96E-05,6.30E-05,5.30E-05,5.00E-05,5.34E-05,6.82E-05,1.03E-04,1.61E-04,1.98E-04,2.01E-04,1.84E-04,1.56E-04,1.35E-04,1.41E-04,1.67E-04,2.10E-04,2.68E-04,3.15E-04,3.45E-04,3.47E-04,3.34E-04,3.48E-04,3.83E-04,4.45E-04,5.15E-04,5.63E-04,5.89E-04,5.87E-04,5.88E-04,6.02E-04,6.36E-04,6.82E-04,7.09E-04,7.53E-04,7.89E-04,8.36E-04,8.98E-04,9.79E-04,0.001030094,0.00106937,0.00111192,0.001145334,0.001167706,0.001201303,0.00121567,0.001240715,0.001275483,0.001355195,0.001429334,0.001527346,0.001631831,0.00170383,0.001744374,0.001756337,0.00174548,0.001747255,0.001787154,0.001856503,0.001956154,0.002042022,0.002129757,0.002220906,0.002338844,0.002441141,0.002453009,0.002454675,0.002511035,0.002536916,0.002608883,0.0027311,0.002806757,0.002887244,0.002948367,0.003038566,0.003107199,0.003161954,0.003211612,0.003274262,0.003308556,0.003341391,0.003376267,0.003414648,0.003471974,0.003546796,0.003620876,0.003693374,0.003770884,0.003844389,0.003912086,0.003974315,0.004033044,0.004081197,0.004111745,0.004132054,0.004149807,0.004164651,0.004176699,0.004206999,0.004211164,0.004213681,0.004219495,0.004227977,0.004237749,0.004254187,0.004270487,0.004280552,0.004284928,0.004284606,0.004294034,0.004297392,0.004310597,0.004320319,0.004340577,0.004353732,0.004375211,0.00439105,0.00441005,0.004422193
8.73E-05,7.91E-05,6.59E-05,5.64E-05,6.00E-05,6.51E-05,7.65E-05,8.43E-05,1.08E-04,1.28E-04,1.76E-04,1.99E-04,2.01E-04,1.97E-04,1.98E-04,1.99E-04,2.15E-04,2.40E-04,2.69E-04,2.97E-04,3.26E-04,3.52E-04,3.58E-04,3.54E-04,3.92E-04,4.42E-04,5.15E-04,5.93E-04,6.50E-04,6.76E-04,6.66E-04,6.54E-04,6.71E-04,7.03E-04,7.46E-04,7.65E-04,8.50E-04,8.97E-04,9.44E-04,0.001025179,0.001113236,0.001180111,0.00122333,0.001260332,0.001275294,0.001293001,0.001347699,0.001373076,0.001430822,0.001528122,0.001658517,0.001740862,0.001792887,0.001837573,0.001882428,0.001934827,0.001962163,0.001977741,0.002000621,0.002060523,0.002165172,0.002282901,0.002356949,0.002411198,0.002489106,0.00260703,0.002748006,0.002824512,0.002882301,0.002965085,0.002991734,0.003041096,0.003115894,0.003162401,0.003224867,0.0032998,0.003375085,0.003435593,0.003495281,0.003563226,0.003653658,0.003727769,0.003804506,0.003879386,0.003950128,0.004033221,0.004129186,0.004213161,0.004289738,0.004368538,0.004440593,0.004505159,0.004561986,0.00462032,0.004663851,0.004688236,0.004703947,0.004719084,0.004733248,0.004746303,0.004775803,0.004789706,0.00480405,0.004823816,0.00484824,0.004874283,0.00490699,0.00494225,0.004971507,0.004994362,0.005011325,0.0050283,0.005042977,0.005063326,0.00508022,0.005110607,0.005133747,0.005168893,0.005179942,0.005203005,0.005210546
1.00E-04,1.11E-04,1.19E-04,1.18E-04,1.17E-04,1.11E-04,1.08E-04,1.08E-04,1.10E-04,1.33E-04,1.75E-04,2.07E-04,2.19E-04,2.12E-04,1.94E-04,1.78E-04,1.83E-04,2.05E-04,2.48E-04,3.05E-04,3.70E-04,4.11E-04,4.07E-04,3.82E-04,3.76E-04,3.94E-04,4.36E-04,5.07E-04,5.77E-04,6.28E-04,6.54E-04,6.59E-04,6.71E-04,6.90E-04,7.30E-04,7.62E-04,8.35E-04,8.91E-04,9.40E-04,9.98E-04,0.001071902,0.001127708,0.001176085,0.001222946,0.001253272,0.001290393,0.001356963,0.001394485,0.001432178,0.001485168,0.001572926,0.001655194,0.001750501,0.001855807,0.001938048,0.001986515,0.002015917,0.002015067,0.002008931,0.0020463,0.002120151,0.002231879,0.00234526,0.002453418,0.002551808,0.002647764,0.002727274,0.00274437,0.002775181,0.002871658,0.002926745,0.003003228,0.003143954,0.003232144,0.003320896,0.003389104,0.003494363,0.003578829,0.003654163,0.003720873,0.003784173,0.003822289,0.003863555,0.003909994,0.003962768,0.004035724,0.004132637,0.004218547,0.004297329,0.004375067,0.004442842,0.004502178,0.00455555,0.004607884,0.004645577,0.004672623,0.004692703,0.004713269,0.004732906,0.004752386,0.004801284,0.004816225,0.004829653,0.004845074,0.004861948,0.004880403,0.004903389,0.004928875,0.004951256,0.004970503,0.004988289,0.005005599,0.005021545,0.005042112,0.005062093,0.005086868,0.005097,0.005104252,0.005117855,0.005126502,0.005131401
1.03E-04,1.05E-04,9.12E-05,6.73E-05,4.86E-05,4.10E-05,5.74E-05,7.86E-05,1.17E-04,1.58E-04,1.80E-04,1.88E-04,1.78E-04,1.64E-04,1.52E-04,1.46E-04,1.65E-04,1.92E-04,2.33E-04,2.97E-04,3.58E-04,3.98E-04,3.96E-04,3.82E-04,4.00E-04,4.25E-04,4.62E-04,5.18E-04,5.71E-04,6.15E-04,6.39E-04,6.63E-04,7.16E-04,7.69E-04,8.32E-04,8.74E-04,9.19E-04,9.48E-04,9.77E-04,0.001021609,0.00108696,0.001142737,0.001199863,0.001263578,0.001298339,0.001335511,0.001391662,0.001441549,0.001511389,0.001575893,0.001646515,0.001689987,0.001739662,0.001807368,0.00188006,0.001942555,0.001988377,0.002004699,0.002050028,0.002118487,0.002177852,0.002258216,0.002339023,0.002432047,0.002544206,0.002644443,0.00271713,0.002736007,0.002776,0.002901393,0.002935613,0.002994315,0.003107705,0.003167945,0.003236797,0.003315502,0.003416517,0.003501336,0.003574727,0.003644484,0.003723901,0.003775757,0.003825969,0.003876296,0.003926323,0.003992022,0.004067991,0.004141414,0.004209271,0.00428029,0.00434644,0.004407573,0.004464328,0.004527274,0.004575918,0.004608901,0.004635779,0.00466429,0.004692377,0.004719166,0.004767879,0.004790568,0.004812946,0.004839851,0.004867362,0.004895782,0.004927976,0.004959317,0.004984148,0.005004031,0.005020864,0.005040202,0.005054424,0.005072224,0.005085869,0.005112961,0.005132839,0.005159204,0.005169336,0.005193629,0.005199958
7.38E-05,8.76E-05,9.62E-05,9.52E-05,9.10E-05,7.90E-05,6.83E-05,5.81E-05,6.43E-05,9.27E-05,1.59E-04,2.04E-04,2.18E-04,2.06E-04,1.79E-04,1.62E-04,1.76E-04,2.03E-04,2.41E-04,2.89E-04,3.37E-04,3.68E-04,3.78E-04,3.74E-04,3.87E-04,4.09E-04,4.46E-04,5.19E-04,5.92E-04,6.58E-04,6.73E-04,6.62E-04,6.58E-04,6.85E-04,7.44E-04,7.88E-04,8.62E-04,9.03E-04,9.46E-04,9.89E-04,0.001086746,0.001128571,0.001164587,0.001219791,0.001279191,0.001345576,0.001419334,0.001462202,0.00150717,0.00155689,0.001653509,0.001675428,0.001708173,0.001771956,0.00187192,0.001967552,0.002036296,0.002071328,0.002115934,0.002183179,0.002267094,0.002323552,0.002340465,0.002367104,0.002443847,0.002544178,0.002676622,0.002757802,0.002821748,0.002916065,0.002941215,0.003015988,0.003112706,0.003194897,0.00329171,0.003350011,0.003430491,0.003493102,0.003553047,0.003616352,0.003695901,0.003753872,0.003814922,0.003875942,0.003935702,0.004009324,0.004096564,0.004175181,0.004247967,0.004324317,0.004396401,0.004461109,0.004519689,0.004579894,0.004625857,0.00465758,0.004681818,0.004707347,0.0047313,0.004753336,0.004795557,0.004810753,0.004825237,0.004847925,0.004869653,0.004890789,0.004919599,0.004948258,0.004968894,0.004983254,0.004994683,0.005009345,0.005017061,0.005032164,0.005043896,0.005069895,0.005095467,0.005125875,0.005131547,0.005157851,0.005160361
1.23E-04,1.06E-04,8.38E-05,6.29E-05,5.77E-05,6.30E-05,8.20E-05,1.05E-04,1.23E-04,1.28E-04,1.41E-04,1.68E-04,1.87E-04,1.86E-04,1.76E-04,1.75E-04,1.94E-04,2.21E-04,2.70E-04,3.33E-04,3.90E-04,4.22E-04,4.08E-04,3.90E-04,3.86E-04,4.00E-04,4.34E-04,4.94E-04,5.56E-04,6.22E-04,6.62E-04,6.85E-04,7.17E-04,7.52E-04,7.86E-04,7.74E-04,7.76E-04,7.95E-04,8.37E-04,8.94E-04,0.001015488,0.00108168,0.00116134,0.001264445,0.001325182,0.001366141,0.00140707,0.001433487,0.001452675,0.001476393,0.001550006,0.001607278,0.0016914,0.001792883,0.001886982,0.001968358,0.002032006,0.002058997,0.002093271,0.002150281,0.002232548,0.002308398,0.002355084,0.002411333,0.002507944,0.002610317,0.002712912,0.002737945,0.002768834,0.002874508,0.002918434,0.003015804,0.003153969,0.003249018,0.003346902,0.003416071,0.003496451,0.003565487,0.003626864,0.003685436,0.003741784,0.00377382,0.00380833,0.00384614,0.003885499,0.003942396,0.004023613,0.004094034,0.004162681,0.004237917,0.004311698,0.004381756,0.004448979,0.004518339,0.004580956,0.004627143,0.004667251,0.004707989,0.004747786,0.004786791,0.004856289,0.004887157,0.004915268,0.004942635,0.004969807,0.004994774,0.005024339,0.005050561,0.005069038,0.005080469,0.005092302,0.005095846,0.005097075,0.005106139,0.005109138,0.005115016,0.005116207,0.005120258,0.005119612,0.005109978,0.005105344
9.93E-05,1.19E-04,1.30E-04,1.31E-04,1.25E-04,1.11E-04,9.86E-05,8.52E-05,7.96E-05,1.09E-04,1.69E-04,2.12E-04,2.25E-04,2.16E-04,1.95E-04,1.80E-04,1.89E-04,2.00E-04,2.22E-04,2.59E-04,2.95E-04,3.43E-04,3.70E-04,3.79E-04,3.89E-04,4.05E-04,4.21E-04,4.50E-04,5.11E-04,5.68E-04,5.87E-04,5.77E-04,5.83E-04,6.16E-04,6.81E-04,7.24E-04,7.75E-04,8.05E-04,8.22E-04,8.36E-04,8.93E-04,9.40E-04,0.001014921,0.001112048,0.001184313,0.001241523,0.001302261,0.001333316,0.001371358,0.001395994,0.001454877,0.001492266,0.001550553,0.00163267,0.001714107,0.001788693,0.00185009,0.001874016,0.001884106,0.001920039,0.001976979,0.00205935,0.002138401,0.002209052,0.002291487,0.00235639,0.002427896,0.002458553,0.002515355,0.002618525,0.002683156,0.002760894,0.002864425,0.002941878,0.003028061,0.003088907,0.003185437,0.003260098,0.003326256,0.003386585,0.003439621,0.003478043,0.003522116,0.003569522,0.003618814,0.003682129,0.003764055,0.003832861,0.003894346,0.003955998,0.004009565,0.004054071,0.004092843,0.004130309,0.004162744,0.004184755,0.004203143,0.004225182,0.004248936,0.004274738,0.004322359,0.00435064,0.004379083,0.004410892,0.004443355,0.004474715,0.004509642,0.004541589,0.004566758,0.004587323,0.004612852,0.004623283,0.004632419,0.0046426,0.004646684,0.004654795,0.004665449,0.004686372,0.00468172,0.004680245,0.004672101
6.25E-05,6.65E-05,7.43E-05,8.03E-05,8.79E-05,8.88E-05,9.33E-05,9.25E-05,1.01E-04,1.11E-04,1.28E-04,1.43E-04,1.61E-04,1.80E-04,1.99E-04,2.26E-04,2.55E-04,2.78E-04,2.93E-04,2.92E-04,2.96E-04,3.05E-04,3.22E-04,3.45E-04,3.80E-04,4.00E-04,4.28E-04,4.77E-04,5.24E-04,5.66E-04,5.82E-04,5.89E-04,6.02E-04,6.36E-04,6.85E-04,7.24E-04,7.60E-04,8.07E-04,8.66E-04,9.31E-04,9.94E-04,0.001033617,0.001059289,0.001096889,0.001124988,0.001160405,0.001201271,0.001233869,0.001284908,0.001333359,0.001420312,0.001482808,0.00155756,0.001645813,0.001731225,0.001781324,0.001820826,0.001839233,0.001877624,0.00194666,0.002007179,0.002072674,0.002137312,0.00221951,0.002330648,0.002411012,0.002481626,0.002502969,0.002539225,0.002627617,0.002651426,0.002718865,0.002816207,0.00289384,0.002985249,0.003062324,0.003150182,0.003220216,0.003278671,0.003334612,0.003404687,0.003447901,0.00349449,0.003541995,0.003590118,0.003652667,0.003726873,0.003797711,0.003864389,0.003934503,0.004000542,0.004060467,0.004115448,0.004168987,0.004212909,0.004245274,0.004270237,0.004295134,0.004318066,0.004339788,0.004380524,0.004401653,0.004421811,0.004446559,0.004470748,0.00449756,0.004530283,0.004559907,0.004583756,0.004603795,0.004619303,0.004635979,0.004646272,0.004660638,0.004669458,0.004680329,0.004682296,0.004701695,0.004701488,0.004706471,0.004705828
7.30E-05,8.30E-05,8.46E-05,8.64E-05,9.53E-05,1.05E-04,1.19E-04,1.21E-04,1.13E-04,1.09E-04,1.23E-04,1.44E-04,1.67E-04,1.87E-04,2.07E-04,2.31E-04,2.65E-04,2.80E-04,2.82E-04,2.80E-04,2.82E-04,2.97E-04,3.16E-04,3.45E-04,3.91E-04,4.26E-04,4.56E-04,4.89E-04,5.41E-04,5.82E-04,5.92E-04,5.95E-04,6.15E-04,6.47E-04,6.90E-04,6.98E-04,7.46E-04,7.98E-04,8.55E-04,9.15E-04,9.74E-04,0.001022973,0.001058882,0.001104557,0.001121291,0.001152889,0.001212843,0.001274752,0.001348129,0.001402484,0.001455955,0.001482341,0.001525904,0.001595646,0.001675627,0.001751774,0.001816357,0.00186044,0.001925367,0.002003754,0.002044757,0.002070842,0.002096424,0.002145981,0.002242495,0.002324119,0.002437928,0.002493494,0.002560193,0.002680495,0.002721061,0.002791152,0.0028848,0.002929808,0.002986261,0.003065669,0.003145083,0.003217971,0.003288139,0.00335763,0.003426137,0.003483238,0.003540671,0.003595402,0.003645149,0.003705723,0.003780473,0.003842476,0.003897742,0.003955846,0.004009545,0.004057651,0.004101758,0.004146542,0.004186886,0.004211001,0.004230705,0.004252658,0.004274773,0.00429735,0.004338121,0.004358955,0.004380241,0.00440786,0.004433793,0.004463328,0.004498912,0.004532419,0.004559119,0.004579075,0.004600556,0.0046133,0.004621561,0.00463157,0.004634596,0.004641374,0.00464879,0.00465486,0.004653035,0.004657538,0.004653622
9.52E-05,1.00E-04,9.97E-05,8.84E-05,7.66E-05,6.42E-05,6.35E-05,7.08E-05,9.68E-05,1.42E-04,1.66E-04,1.73E-04,1.65E-04,1.56E-04,1.50E-04,1.58E-04,1.87E-04,2.18E-04,2.48E-04,2.76E-04,3.07E-04,3.42E-04,3.66E-04,3.79E-04,3.82E-04,3.86E-04,4.04E-04,4.52E-04,5.11E-04,5.63E-04,5.84E-04,5.86E-04,6.02E-04,6.35E-04,6.94E-04,7.37E-04,7.90E-04,8.29E-04,8.59E-04,8.97E-04,9.55E-04,9.91E-04,0.001040504,0.001109213,0.00116137,0.001208595,0.001263414,0.001303623,0.001342907,0.001371413,0.001416578,0.00144581,0.001500163,0.001584963,0.001678451,0.001766727,0.001843106,0.001891885,0.001935189,0.001995371,0.002033346,0.002081646,0.002127307,0.002184065,0.002270948,0.002349643,0.002444593,0.002491825,0.002546125,0.00264554,0.002672341,0.002734663,0.002839058,0.002917209,0.003010345,0.003090407,0.0031764,0.003251302,0.003318351,0.003378963,0.003440047,0.003480298,0.003521143,0.003559277,0.003596207,0.003647093,0.003710308,0.003773426,0.003833214,0.003897473,0.003958244,0.004013928,0.004067546,0.00412205,0.004166929,0.004199912,0.004227181,0.004256037,0.004284418,0.004312164,0.004364166,0.004390322,0.004413708,0.004441002,0.004467464,0.004493165,0.004523722,0.004552069,0.004575436,0.004593518,0.004606773,0.004618763,0.004626116,0.004636157,0.004644381,0.004654252,0.004653425,0.004668913,0.004668159,0.004680423,0.004678302
6.90E-05,5.65E-05,4.62E-05,3.77E-05,3.91E-05,4.34E-05,5.24E-05,5.46E-05,6.52E-05,8.87E-05,1.38E-04,1.84E-04,1.98E-04,1.86E-04,1.65E-04,1.55E-04,1.68E-04,1.84E-04,2.13E-04,2.45E-04,2.71E-04,3.00E-04,3.20E-04,3.53E-04,3.98E-04,4.45E-04,4.87E-04,5.24E-04,5.68E-04,6.00E-04,6.00E-04,5.87E-04,5.92E-04,6.14E-04,6.57E-04,6.76E-04,7.43E-04,7.87E-04,8.39E-04,8.90E-04,9.80E-04,0.001041145,0.001086767,0.001137672,0.001189811,0.001255177,0.001339917,0.001379991,0.001382509,0.001367123,0.001407282,0.001440992,0.001514845,0.001609306,0.001694118,0.0017736,0.001849427,0.001881639,0.001898757,0.00192795,0.001965265,0.002048057,0.002140219,0.00223215,0.002331208,0.002405259,0.002469929,0.002505963,0.002549871,0.002638984,0.002658459,0.002700677,0.002815033,0.00289811,0.002985171,0.003082995,0.003173373,0.003254764,0.003323385,0.00338235,0.003437514,0.003469042,0.003498153,0.0035254,0.003551184,0.003594201,0.00365498,0.003715372,0.003776108,0.003844266,0.00391071,0.003973662,0.004034963,0.004097474,0.004151379,0.004187832,0.004216868,0.00424635,0.004274518,0.004301128,0.004357383,0.004376943,0.004394217,0.004419217,0.004444309,0.004466857,0.004498811,0.004527646,0.004548864,0.004565408,0.004585663,0.004601634,0.004612731,0.004632294,0.004647661,0.004669888,0.004683448,0.00471561,0.004722423,0.004746041,0.004752492
